1,0.281223333920264,0.2590433497033,0.230719810542026,-0.209799271078829,0.22094547934246,0.218156421135448,-0.270520182901864,0.866548989136434,0.461984419959933,-0.0770992962912224,0.290176087468947,-0.135956800841602,-0.00299172530538545,0.126127428183685,-0.112208361766403,-0.10912151541169,0.376486144097213,0.884216229436028,0.185288701459442,0.610917098522384,-0.155273248690293,-0.200044001498198,-0.224348428402767,0.182050867098985,0.374801913464886,0.0276377507510582,0.258881036388666,0.345319459854687,-0.0581908350930928,-0.0631329094763244,0.587359819221341,-0.130042262244883,0.316726072874763,0.246535720208943,0.132483628230125,-0.275533664934344,-0.297769501258868,-0.243460700957866,-0.148173733114062,-0.263798045451356,0.107592226647424,0.0838046332741164,0.233807017565101,-0.12748556886068,0.414359453469178,0.186832541027308,0.407742430606298,0.347095689396873,-0.162449605188466,0.548820667341339,0.282203553533529,-0.344522939348112,-0.465319915966357,0.535921957973896,0.859799429325145,0.2769889619085,0.0145043934893882,0.745604602816779,0.257641980742299,0.382344849573177,0.216389140125513,0.149662914130738,-0.334548803136023,-0.248390791921927,-0.335776884902726,0.434779234583825,-0.339406860937183,0.450133856518316
0.281223333920264,1,-0.105850784219193,-0.0705794693776828,-0.288329867525343,-0.126236889513147,0.115895792867427,-0.159079477465552,0.0644867160402064,0.280499044426217,-0.0357902680474527,-0.024790274295883,0.135052216770197,0.0518826783234647,0.0354556346699248,0.036964868615424,0.271702691541358,0.210537934938713,0.208115210206301,0.570830383682324,0.254097701040261,0.218574947339458,0.26693148087856,0.0021356164075267,0.152489874135963,0.425772525147919,0.501080024148332,0.116601770098339,0.441882479805203,0.0259208833464633,0.021717592632212,0.159091459780171,0.262754567219534,0.210780734469633,0.168423016672924,0.23985562761224,0.0566856370619568,0.136992947923866,0.51361038417034,-0.104777535433749,-0.0246134557740842,0.109244914059545,0.184881286321238,0.279794212444626,0.0518965035116747,0.255359912913346,0.406796579341974,0.403139435409074,0.0874857478305647,0.183899992783704,0.339791744447329,0.128232782974132,0.0323429142546821,0.0642329905802348,0.310797702745197,0.234896961724719,0.23342849459197,0.258670223392405,0.322486130260269,0.232523333487073,0.150252029972522,0.401006345482485,0.448300937929727,0.349668597346621,0.226388653568959,0.0431946224937479,0.335304000977606,0.0696218231890187,0.263476177382426
0.2590433497033,-0.105850784219193,1,0.376949134736446,0.0444325441987883,0.24312611484809,0.193492834566777,-0.118334327011255,0.205512002933486,0.229925647072365,0.0202433607992178,0.0693970114346364,0.215443618934476,0.381711632777763,-0.210961652642766,0.262098781290284,0.00780409185435982,0.204201706830101,0.428708070007408,-0.0432311316332045,0.237746558081292,-0.00912908699548291,0.0925491611250592,-0.245703701162964,0.121533299041979,0.141885144950529,-0.00805278190654648,-0.139785708828074,0.123516938878566,0.0721129603435127,0.0623145314416664,0.225138014506953,0.0334180836832385,0.0780207784674473,-0.0677571516786986,-0.0382921170920403,-0.169594465711114,-0.148690024191601,0.0101741606384927,-0.0889965950305781,-0.265249876874106,0.0605007426489205,0.166879191530137,-0.139187626352279,0.286672538407016,0.0781315550675906,0.0904513217717194,0.21644755777163,0.206872467497691,0.514092118407875,0.318266921181183,0.079966105390357,-0.214345988926718,-0.0496033347537071,0.243482263348923,0.383824571915442,0.241212650834811,-0.0514225675725708,0.229556989600573,0.0155499623578642,0.458385727377021,0.130392690263698,0.107317830071817,0.0414118626081289,-0.0647549599642055,-0.1764106147847,0.468233044860857,-0.157904842074245,-0.202959654590835
0.230719810542026,-0.0705794693776828,0.376949134736446,1,0.0755843870624926,0.427711968770022,0.16114962947687,-0.00315318527641258,0.333360293768857,0.212427032625501,0.191833301282014,0.111771327645751,0.278301532509165,0.183563667177221,-0.180091059303286,0.120280592768817,0.0536690318363489,0.092866056944052,0.43029940766753,-0.0569358864805902,0.362661979620061,0.046146444160823,0.0127408127244118,-0.283007621609271,-0.0321221477988069,0.24843745136421,0.0476269834463041,-0.0528631631969138,0.189789908189972,0.0184028819744862,0.0111276563466923,0.481998582436453,0.112166935055541,0.0825007119667659,0.0257048178405726,0.0272264739467744,-0.138332722012154,-0.0476220914105661,-0.052692905531504,-0.022061460263193,-0.263187298298851,0.149322611267995,0.0452573853498231,-0.101261691784726,0.025199871848123,0.125505917000532,0.16723175809709,0.0473600722108986,0.218373985381181,0.0484473589069719,0.0948047924735131,0.222583770991943,-0.181864321584952,-0.146851068870128,0.241373400960713,0.248502007723782,0.103168803534047,0.0657192827424794,0.151447512953082,0.0586496680005948,0.233244963929266,0.0626920285305901,0.176455279267842,-0.073741686445505,-0.152983046518165,-0.182726296410649,0.166107286899791,-0.151327511150678,-0.0869068924109795
-0.209799271078829,-0.288329867525343,0.0444325441987883,0.0755843870624926,1,0.31885699553893,-0.183908783425131,0.423513314693942,-0.140716731402354,-0.261555342305192,0.520275665532758,-0.335316382379981,0.073092878482283,0.531292298327856,-0.14236898922887,0.484632706957004,0.0544469939516601,-0.22967220411669,-0.104227764191308,-0.439706303896174,0.197386896162636,0.150515954649284,-0.0481880515319336,0.130258444187961,0.265766159952021,-0.331386916462116,-0.266996396354562,-0.184934364863557,-0.368996218507998,0.627586957106504,0.641527054779243,-0.0128170634853995,0.0756131183633054,-0.235127814969487,-0.29470929792005,-0.114997474956452,0.0360068260169038,0.191947032994216,-0.189499245526499,0.215643317031062,0.0983579775218947,-0.156433861765498,-0.0817257783431135,-0.392826283964243,0.438959652087094,-0.397482754723826,-0.0478457957366806,0.0972157772131447,0.361912702292154,-0.0626919837758978,-0.0608382715460972,-0.355815279221944,0.219893471831607,0.473692215250618,-0.333325960842925,0.0159687871711524,-0.117281875375388,-0.124970428008476,-0.0894176376772306,-0.339089400514611,0.0123914883390211,-0.26744090148177,-0.205501449928059,-0.116446237151963,0.00917026819130092,0.125517582712323,-0.0659010906472183,0.0654697664553303,-0.467990250552185
0.22094547934246,-0.126236889513147,0.24312611484809,0.427711968770022,0.31885699553893,1,-0.010210936109089,0.283338243542887,0.411296608756102,0.0380716969771797,-0.0266040257796293,-0.074270828760404,0.337762081823728,0.0606826560185482,0.208472959722817,0.0720973563246095,0.0802505020861757,0.101592354384413,0.343716623455006,-0.0569632122798055,0.19630496597181,0.132868825301919,-0.00749857666043537,0.0714722615548134,0.210743768482074,0.115710865639277,-0.116244210628651,0.258315829506102,0.082679709729043,-0.0929899979650115,-0.0857703228156072,0.265127410469043,0.111597989116635,-0.0567792308069806,-0.00982969523958325,0.185471948392449,0.0953888337264061,-0.0858828807277145,-0.185904915507253,-0.133228885683987,0.0776436744233216,-0.0933877770036898,-0.134173894533362,0.113299089070754,-0.0370573983068887,0.0389356158969627,0.00945610929651607,0.0465892913120215,0.149491253252307,-0.17739583300982,0.00361253048459699,0.157081685719836,0.187757990469627,-0.0821085529932807,0.0455350540475548,0.24878289269128,0.0970591923290228,0.0676309106258871,0.181110379097769,-0.0485786059976285,0.023549179755078,-0.165801452115629,-0.00907905765904686,-0.176189536311299,0.0275404357441364,0.0418765900908339,0.115263086915403,-0.31244097781284,-0.240032909826259
0.218156421135448,0.115895792867427,0.193492834566777,0.16114962947687,-0.183908783425131,-0.010210936109089,1,-0.193632276723223,0.15190358070672,0.769403864616385,-0.181319101518513,0.36109280840711,-0.0573567163014167,-0.124500564248574,0.100144045352461,-0.127627068012754,-0.0920937193485833,0.326040077675786,0.20794127745361,0.0933563782606455,0.0675981043372975,-0.12943282462914,-0.0579019742722571,0.089025494454145,-0.167914258021556,0.538903393556922,0.500290111125999,0.311264074279278,0.635364952357782,-0.19303129274535,-0.194296794909326,0.0462126986705121,-0.0411434308911365,0.399983950215675,0.746774718122221,0.390985996426497,0.0353355498412249,-0.0718223530087658,-0.0746230104537061,0.00199211099854973,0.0879350181158775,0.198594239877072,-0.0582236006633061,0.365037227669484,-0.179190614697107,0.759170553764676,0.573513220716548,-0.0281665649991777,-0.0472625697818484,0.0247134137351608,0.0838242775863607,0.150335337999818,-0.238779288578642,-0.323635842357172,0.656637222690193,0.195905322366293,0.610146253701197,0.432249378157605,0.12086610218275,0.645739314865784,0.0964198786640558,0.101011244016692,0.0546663643179721,-0.177453127991031,-0.123462180481769,-0.161229672172604,0.00564325454608652,-0.202391151804783,0.268571946807449
-0.270520182901864,-0.159079477465552,-0.118334327011255,-0.00315318527641258,0.423513314693942,0.283338243542887,-0.193632276723223,1,-0.177715049746954,-0.221421566756845,-0.0566659345005999,-0.170061398637609,-0.181614809927826,0.0384435429562067,0.271562719484524,0.242661009862759,0.17930612989783,-0.084305654090003,-0.273540974742462,-0.153527239721014,-0.167647324175934,0.373507055222679,-0.240356845166613,0.383311785735333,0.155508167863269,-0.131301919839793,-0.0651689958361472,0.227118195875655,-0.186068356741881,0.0374899924555791,0.0510251716867405,-0.0757422404280981,-0.000176221375281713,-0.118247879912958,-0.131149086284509,0.167653954785899,0.326922678853394,0.36512412640005,-0.167373410554748,0.0387313935819964,0.389672085169756,-0.246813355019835,-0.0841624025824116,-0.0572373670023377,0.0216590755632081,-0.255446574736106,0.0251907280878302,-0.23008916777672,-0.068166856445234,-0.283104018591622,-0.275971979996425,-0.280669658698586,0.829290472308741,0.246145951367419,-0.334687194271523,-0.256338402277848,-0.203105508897742,0.110725443908906,-0.261952990401216,-0.264483189282477,-0.0880258652647861,-0.26285128343852,-0.148983731819033,-0.141983213883672,-0.086431403680555,0.189988587030597,-0.217430959065969,0.0885190256681006,-0.286696986005274
0.866548989136434,0.0644867160402064,0.205512002933486,0.333360293768857,-0.140716731402354,0.411296608756102,0.15190358070672,-0.177715049746954,1,0.286117080877818,-0.0897537271450351,0.205472822972165,-0.0851760369062641,-0.126225712723987,0.248752488205586,-0.200685948064691,-0.213258327544432,0.0798505961506563,0.797725383759379,0.136150670178132,0.506795105297144,-0.231776953331801,-0.227951283385435,-0.191037439367926,0.240116747104129,0.342763165050341,-0.128486702774425,0.354863381727929,0.29744523032971,-0.158538827724646,-0.151555120504835,0.492773574156908,-0.246136355537462,0.102357727646166,0.205036022467998,0.168709443158296,-0.32610656078347,-0.381496244496501,-0.332469671295692,-0.0954985945335818,-0.227413236959664,0.0202711593938367,-0.138937360290752,0.246558535066613,-0.240568742803943,0.304684468953561,0.0298945757695296,0.194934355922347,0.250066341796146,-0.264562197765257,0.255159448617751,0.433315132766365,-0.250508318741639,-0.517559289253267,0.400453619747206,0.730692818797577,0.262878983316917,-0.0317574931273005,0.700730289543439,0.214500167243268,0.267940364831022,0.118016212542401,-0.00414452879429908,-0.423959404692293,-0.266047386745476,-0.367274223187876,0.279935233299881,-0.320451647317252,0.346456715613979
0.461984419959933,0.280499044426217,0.229925647072365,0.212427032625501,-0.261555342305192,0.0380716969771797,0.769403864616385,-0.221421566756845,0.286117080877818,1,-0.111809000709625,0.57117790996435,-0.140704366875564,-0.0362221594586018,0.227107304441187,-0.0692498556903233,0.137317072508712,0.66525743604492,0.409927685411547,0.238906441784956,0.141509382148556,0.0851972491198632,-0.157322119174305,0.172384758525029,0.0273348747705612,0.657947752311688,0.658680113557315,0.457278699502566,0.701477128801587,-0.198547603706223,-0.221396432341934,0.264312002249043,0.148406686003783,0.691933628929776,0.782698437333156,0.598688612416525,0.191381215812265,0.0763932342211727,-0.079657657457789,-0.0950644479535656,0.162718597646509,0.277293914511786,0.0802380576487673,0.505934421326518,-0.0778370025343864,0.895877751867403,0.682135041443526,0.150688477373171,0.0232984145284997,0.00922792602994106,0.446508538315744,0.188176438128401,-0.246463378626116,-0.294111728222994,0.917435760385388,0.432375078368039,0.672461936954594,0.590885207742682,0.413466444041173,0.772321727088499,0.292787577652095,0.143352329763157,0.281244275687703,-0.208851993707309,-0.221918139257782,-0.112922228656024,0.330377772036563,-0.335126838635838,0.379901754750885
-0.0770992962912224,-0.0357902680474527,0.0202433607992178,0.191833301282014,0.520275665532758,-0.0266040257796293,-0.181319101518513,-0.0566659345005999,-0.0897537271450351,-0.111809000709625,1,-0.303138812630093,0.133717694776421,0.50166172308233,-0.326170355540874,0.40229935884374,0.00818846064489037,-0.254984810417269,0.00111054433144495,-0.126445630379263,0.333236127690131,0.0130398759154094,0.14305359770391,-0.117890319973691,0.0807993637607167,-0.137693753018392,-0.0149010390084451,-0.30753361969523,-0.142892445986359,0.552399257182384,0.552111772389398,0.12903614590811,0.100535386105091,-0.234776325403598,-0.315677445389607,-0.0217676013042147,-0.198698049043356,0.137066660041078,0.0900594737346421,0.333507984145528,-0.117094687887207,0.481660115613763,-0.0241245322298688,-0.28789713283156,0.387968082380154,-0.311286621569243,0.118665314778639,0.162848043200862,0.327353611422445,0.157892695556539,0.0332106244070525,-0.165675262533769,-0.141779002170929,0.286380391059314,-0.0612455051131762,0.0374805664340267,-0.0294090407273501,0.00711915839363898,0.0265615330708469,-0.147053972330732,0.0748092748383658,-0.0537360240272291,-0.0342948792656557,0.0561728275755703,0.0823082167563205,0.0257575021914452,0.0314394606721342,0.0553498160716606,-0.147963348554298
0.290176087468947,-0.024790274295883,0.0693970114346364,0.111771327645751,-0.335316382379981,-0.074270828760404,0.36109280840711,-0.170061398637609,0.205472822972165,0.57117790996435,-0.303138812630093,1,-0.159548734210055,-0.431093413365506,0.219447753253523,-0.477231124748612,-0.0292548755430204,0.602402176066941,0.221613153640743,0.0927820815586856,-0.0327436945779591,-0.0794373103196563,-0.164729020344021,-0.0163974598634712,-0.119437564913102,0.409580654260201,0.188037363655994,0.323478558168031,0.407265203015639,-0.443959552725746,-0.442591689717744,0.0247891565819598,-0.105449988326718,0.820259482293156,0.704927483442143,0.163173764502177,0.167567938402796,-0.101145977876725,-0.183366438143231,-0.0540614120330663,0.0120430776960701,0.202369829163772,-0.00109390779548933,0.345195220629499,-0.469058516981864,0.690277211907399,0.201441423408721,-0.0809884411548362,-0.194644778881646,-0.212659781464039,0.212152387400295,0.0642698802775102,-0.182866350290263,-0.507714911047461,0.590535041159393,0.226536767312943,0.356303253917453,0.319113723245499,0.188684991769064,0.651768661524372,-0.0168166666561056,0.0692899939580531,0.107147208063717,-0.251718058607665,-0.186778936883201,-0.168425287165508,0.0871659047460584,-0.25954633102621,0.352404957706363
-0.135956800841602,0.135052216770197,0.215443618934476,0.278301532509165,0.073092878482283,0.337762081823728,-0.0573567163014167,-0.181614809927826,-0.0851760369062641,-0.140704366875564,0.133717694776421,-0.159548734210055,1,0.19175514735664,-0.164843843503674,0.118919309567454,-0.0721394431027536,-0.0765921647092812,0.0630270657084915,0.259867272282428,0.127522779556475,-0.103387086128831,0.886237222073677,-0.23115989227969,-0.0482301568306757,0.177710564769531,0.170841217387711,-0.155573063602338,0.173035174947242,0.118732288016461,0.125492414485904,0.0260564827091693,0.295739482118139,-0.0701615064664426,-0.174682501391711,-0.07728157382519,-0.0488005487506837,-0.111685156849051,0.710884275835924,-0.0615338050169843,-0.218040332561922,0.0862618020306211,-0.0649158001936568,0.0439935134339283,0.143160210806617,-0.0941933309523342,0.122072659452683,0.246583223012304,0.197209282374082,0.582287406584167,0.0409207901990267,0.0800884578833431,-0.0281714931289362,0.138884127120054,-0.0669839791686229,-0.0595277066033155,-0.00265674221912588,-0.115094246493234,-0.127952984754961,0.0503750338198157,-0.160013257005249,-0.0499263019269585,0.0898225394133604,0.70019105958835,0.75275012871416,0.278768185422508,0.0271810071280204,-0.214864495977137,-0.289326084173885
-0.00299172530538545,0.0518826783234647,0.381711632777763,0.183563667177221,0.531292298327856,0.0606826560185482,-0.124500564248574,0.0384435429562067,-0.126225712723987,-0.0362221594586018,0.50166172308233,-0.431093413365506,0.19175514735664,1,-0.49323630730666,0.877437209772861,0.214704549135295,-0.125215131278462,0.166263584719391,-0.24502146434687,0.497922048852031,0.236330676901164,0.169649036304126,-0.059773422656508,0.312771694447226,-0.214722926160348,0.0549435753082874,-0.405480889003859,-0.244052790029815,0.86585730278134,0.852810926880153,0.373765024824461,0.33827895609995,-0.189445471597187,-0.433755559465821,-0.0403945155763226,-0.0960881370780738,0.307578385540957,0.175509307286031,0.155339413640663,-0.118345393146685,-0.256602080824543,0.124219350965125,-0.470979253379004,0.859316256849534,-0.326087501846755,0.189074310598021,0.465964466577257,0.635670003395347,0.439326226815255,0.365015592002097,-0.246559051776247,-0.0669466256550714,0.634738911357762,-0.0958445776663086,0.236163167692361,0.0263118145206525,-0.112487473911896,0.164521483148637,-0.329685455319779,0.448753547678485,0.111501105172442,0.144077610444829,0.206880700201625,0.0875371781300869,0.0912998297852713,0.47125507544569,0.203979668621679,-0.41393899625767
0.126127428183685,0.0354556346699248,-0.210961652642766,-0.180091059303286,-0.14236898922887,0.208472959722817,0.100144045352461,0.271562719484524,0.248752488205586,0.227107304441187,-0.326170355540874,0.219447753253523,-0.164843843503674,-0.49323630730666,1,-0.263480705755749,0.196779404281666,0.225384574001411,-0.0471785065494282,0.25132863098421,-0.284378770908049,0.226361471839933,-0.154491544821241,0.744976742785293,0.156568749450633,0.272272480875618,0.270484565933717,0.90555074459802,0.300715623499593,-0.562385377964292,-0.552834220709364,-0.148947710522316,0.112798866625466,0.251176737880923,0.443118130313487,0.679393637851902,0.554710100828738,0.079125070590981,-0.161373157339615,-0.164057349112981,0.742496411915183,0.123266924081307,-0.0966401623414126,0.820355245470115,-0.345391913706208,0.363814976023667,0.110083434209504,-0.146299312931653,-0.345619659122447,-0.318314063384157,-0.0653605344940312,0.1024651910853,0.413577556290748,-0.110107010653384,0.176635765348774,-0.0260700228043014,0.186384949955881,0.521535598623653,0.104851826873324,0.433637477067296,-0.197836606173732,-0.166138374087919,0.0813669691784644,-0.200567857124655,0.0890997062826457,0.475599802041658,-0.0177679707785365,-0.257567217492076,0.186594854441346
-0.112208361766403,0.036964868615424,0.262098781290284,0.120280592768817,0.484632706957004,0.0720973563246095,-0.127627068012754,0.242661009862759,-0.200685948064691,-0.0692498556903233,0.40229935884374,-0.477231124748612,0.118919309567454,0.877437209772861,-0.263480705755749,1,0.252101280679834,-0.128737049439462,0.0611303754071543,-0.122137861596092,0.286259673651743,0.316153512940869,0.117461866241656,0.172396944882218,0.331915065671395,-0.172585665192021,0.137085443102037,-0.213055856765079,-0.194632123296243,0.714496802874825,0.70506796169931,0.300795055779531,0.337962997399238,-0.226861810678531,-0.433101695455159,0.144053765446131,0.103464885145139,0.409062009067299,0.188045680589978,0.134726958360395,0.133275340359273,-0.259096321330222,0.0816275221629411,-0.319243084294548,0.845733258914522,-0.350728785658201,0.223774346466315,0.238409966387715,0.491896824798821,0.349053106668976,0.176071958646699,-0.292234397450839,0.192220285427139,0.729657578638661,-0.157417410380143,0.0917414708467809,-0.00442312550968346,0.0423717845612007,0.0463246635952008,-0.338228504565908,0.451824722765408,0.138022184141851,0.10303905244559,0.186652105909776,0.157194637897918,0.279322073538605,0.414810596512476,0.235438863334091,-0.52627030392566
-0.10912151541169,0.271702691541358,0.00780409185435982,0.0536690318363489,0.0544469939516601,0.0802505020861757,-0.0920937193485833,0.17930612989783,-0.213258327544432,0.137317072508712,0.00818846064489037,-0.0292548755430204,-0.0721394431027536,0.214704549135295,0.196779404281666,0.252101280679834,1,0.352456928026853,-0.146853226851635,-0.0714232858198409,-0.0199413098149052,0.976576434894442,-0.0793928881813733,0.412702595624158,0.159352535473441,-0.0796697638183057,0.408623063669115,0.213020412088404,-0.0273067393429617,-0.0231410119828097,-0.0334007692325025,0.0633524506586585,0.861159129683385,0.298825544847808,0.0245869296609602,0.347057368448051,0.748408675115009,0.738152963476198,0.0543781809415091,-0.105712961489986,0.415554042705545,-0.119828499963573,0.436756310260159,0.219890678991863,0.20649659243852,0.0747132973122643,0.251923854628845,0.0895419449814239,-0.0784619896853352,0.0129121603751174,0.376693704252097,-0.169713521783251,0.212571345594176,0.442119043855107,-0.0449083966075167,-0.14960957426491,-0.00298659355212031,0.525263393661854,-0.160204946716484,-0.0642547266256227,-0.0513972466876322,-0.0510575215764744,0.743119404231083,0.182480435950651,0.0376406361353708,0.358101051430426,0.336804887253459,0.0894604814393956,-0.126543850289659
0.376486144097213,0.210537934938713,0.204201706830101,0.092866056944052,-0.22967220411669,0.101592354384413,0.326040077675786,-0.084305654090003,0.0798505961506563,0.66525743604492,-0.254984810417269,0.602402176066941,-0.0765921647092812,-0.125215131278462,0.225384574001411,-0.128737049439462,0.352456928026853,1,0.347173893974821,0.0995580157454283,0.0166177303179531,0.301665241957809,-0.156435509847373,0.130725121915743,-0.0198977403489748,0.33890776753066,0.394299462370399,0.303276762039201,0.326080823893449,-0.308826075945469,-0.328920508762975,0.242193233063987,0.314781007149906,0.786600751220352,0.547749273012909,0.289257794085152,0.446171508714883,0.216689150974348,-0.129259227937107,-0.209450764254905,0.157851222352187,0.202562990168785,0.405644884754773,0.382598406403925,-0.143482501527999,0.651700211924219,0.400385591228787,0.152779421889857,-0.0509531365362705,-0.0988830116769872,0.580906574535301,-0.0696114986228149,-0.0925949670141726,-0.235649510477202,0.609494392949557,0.347103604518495,0.306467960349557,0.49191910110684,0.218512807144082,0.499384248180236,0.15140319130821,0.0303267537765386,0.359255179096045,-0.118505373896664,-0.124069981672641,0.0537573619957313,0.348964369418215,-0.350283174501811,0.267947763270916
0.884216229436028,0.208115210206301,0.428708070007408,0.43029940766753,-0.104227764191308,0.343716623455006,0.20794127745361,-0.273540974742462,0.797725383759379,0.409927685411547,0.00111054433144495,0.221613153640743,0.0630270657084915,0.166263584719391,-0.0471785065494282,0.0611303754071543,-0.146853226851635,0.347173893974821,1,0.168335662507345,0.64718652929826,-0.18877873349756,-0.108038320890519,-0.315759391634413,0.23145122951592,0.358104054563079,-0.0433526151429018,0.0730862065349578,0.311436262539729,0.0582730971114306,0.0618497101902937,0.66525933869233,-0.140313598684809,0.243018142983831,0.138482915607275,0.0267349884063015,-0.327193125301752,-0.324750855946833,-0.179002861830121,-0.123152870100319,-0.376638571416753,0.0684117881406622,-0.0147285415639776,0.0471907788595758,0.0417830678336143,0.309036421172683,0.170608259695701,0.419811567744185,0.428653513664538,-0.0340894808097736,0.483055154185472,0.215351476094316,-0.366066234007115,-0.350270369156629,0.492548005869038,0.900152012304291,0.309532081627949,-0.0520250636419648,0.740667661014565,0.194136944047715,0.45484668042348,0.217829561358903,0.104779096289421,-0.272500197157497,-0.185154897101189,-0.375915784016024,0.529201949581556,-0.359480152311092,0.141047621834505
0.185288701459442,0.570830383682324,-0.0432311316332045,-0.0569358864805902,-0.439706303896174,-0.0569632122798055,0.0933563782606455,-0.153527239721014,0.136150670178132,0.238906441784956,-0.126445630379263,0.0927820815586856,0.259867272282428,-0.24502146434687,0.25132863098421,-0.122137861596092,-0.0714232858198409,0.0995580157454283,0.168335662507345,1,-0.162083686266346,-0.0970871344000684,0.309624148957835,0.032662338215405,0.115876482755597,0.707927752524078,0.386929857215924,0.238915928060731,0.710754116170315,-0.302408469669214,-0.316689781918584,0.0301224175499366,-0.0415526025414406,0.082332692650752,0.169428668586458,0.33238499358079,-0.0369204364349042,-0.15103056839263,0.496058244856246,-0.127722237121375,0.0255726823650356,0.29663063937966,-0.155917013763716,0.40878373492767,-0.126654996386367,0.226040660712592,0.275819518232708,-0.0304128615176711,-0.0770691896804427,0.244379826042275,0.00719571233680844,0.299015490889982,0.134609221150055,-0.137726492091675,0.316232109696338,0.0906786119063644,0.161262338185044,0.15200329447195,0.266526524647424,0.306346029363725,-0.0134980709070234,0.121066541218893,0.0608279029829757,0.259341901562831,0.268443944460219,0.0375659513887698,0.127168075065624,-0.37706285293761,0.201826226925569
0.610917098522384,0.254097701040261,0.237746558081292,0.362661979620061,0.197386896162636,0.19630496597181,0.0675981043372975,-0.167647324175934,0.506795105297144,0.141509382148556,0.333236127690131,-0.0327436945779591,0.127522779556475,0.497922048852031,-0.284378770908049,0.286259673651743,-0.0199413098149052,0.0166177303179531,0.64718652929826,-0.162083686266346,1,-0.0462575236415865,0.0851214417927277,-0.281168819834121,0.179571840479751,0.00762855134872789,-0.0650174156533263,-0.150646501056331,-0.00619056716506768,0.498679978239516,0.515607048297705,0.539386178522598,0.0168694055620982,0.0780990747441152,-0.077478754266505,-0.0423097233659143,-0.326962682566491,-0.0686330448027486,-0.0275185691373684,0.186009431057742,-0.331521285548362,-0.0680126639337083,0.0402000011086229,-0.155257707344967,0.247255227794044,0.0403988106415968,0.0964380980720027,0.563748115261152,0.542071120108002,0.0862542195730994,0.441012201714809,0.00897311772642138,-0.29572850723953,-0.0209103301403337,0.175895913913632,0.607813021051362,0.1597153935996,-0.12170028971067,0.497675960468455,-0.0299401630957189,0.268385197449818,0.195657907387923,0.143299798240952,-0.0787192484205998,-0.00749502812825814,-0.214532245601934,0.400369453849964,0.0175354841670619,0.0486590307227889
-0.155273248690293,0.218574947339458,-0.00912908699548291,0.046146444160823,0.150515954649284,0.132868825301919,-0.12943282462914,0.373507055222679,-0.231776953331801,0.0851972491198632,0.0130398759154094,-0.0794373103196563,-0.103387086128831,0.236330676901164,0.226361471839933,0.316153512940869,0.976576434894442,0.301665241957809,-0.18877873349756,-0.0970871344000684,-0.0462575236415865,1,-0.124759799231162,0.467552567831653,0.192111519211359,-0.0982726340671982,0.376876181005058,0.242192740360416,-0.0640381843955705,0.00473937708633815,-0.00260649312679316,0.058909695116726,0.814150063830928,0.246821732160769,-0.0163354745203029,0.370828830220432,0.773372173492298,0.787306851967202,0.0157546716284407,-0.0791287140079029,0.471500251939585,-0.174541578880641,0.383118219286892,0.187119867818768,0.222096985429272,0.0113740393606281,0.25513282033358,0.0402847059439264,-0.0722701633072338,-0.0367446436815241,0.298606793374508,-0.226862675034477,0.38158606751827,0.483604674759368,-0.107986110867319,-0.19075992095464,-0.0419727430215352,0.523376199656845,-0.207560699013414,-0.12229469626198,-0.0513973934294777,-0.119982546264893,0.66721876135005,0.144985022016232,0.013261420867728,0.368764119362992,0.275896777854259,0.109534353930504,-0.188012100217127
-0.200044001498198,0.26693148087856,0.0925491611250592,0.0127408127244118,-0.0481880515319336,-0.00749857666043537,-0.0579019742722571,-0.240356845166613,-0.227951283385435,-0.157322119174305,0.14305359770391,-0.164729020344021,0.886237222073677,0.169649036304126,-0.154491544821241,0.117461866241656,-0.0793928881813733,-0.156435509847373,-0.108038320890519,0.309624148957835,0.0851214417927277,-0.124759799231162,1,-0.19273548173874,-0.0949443571467034,0.136918121900127,0.293098236532435,-0.141495568225911,0.17249562883625,0.165548147439662,0.172684237380928,-0.130658986207467,0.304607461405715,-0.0388528805542353,-0.165400547957991,-0.0468630108325778,-0.0523259576332406,-0.0514374416732943,0.880840369380579,0.0366306985098621,-0.179063374256528,0.117598503006656,-0.0416167881075485,0.124580456567039,0.163949791727263,-0.0865025798954841,0.112217904664895,0.269191176673664,0.0913456791612155,0.711138269579784,0.0523571997815963,0.0174870908054053,-0.0615103934649112,0.207446891552794,-0.0985428410279728,-0.16382643239397,0.0478771088422408,-0.0784653363333216,-0.162665233826201,0.111961653026025,-0.214342364761704,0.0624856639241087,0.158225813510792,0.855704615590208,0.883784189015617,0.36210084569487,0.032914867065316,-0.0595470686685764,-0.129673643659745
-0.224348428402767,0.0021356164075267,-0.245703701162964,-0.283007621609271,0.130258444187961,0.0714722615548134,0.089025494454145,0.383311785735333,-0.191037439367926,0.172384758525029,-0.117890319973691,-0.0163974598634712,-0.23115989227969,-0.059773422656508,0.744976742785293,0.172396944882218,0.412702595624158,0.130725121915743,-0.315759391634413,0.032662338215405,-0.281168819834121,0.467552567831653,-0.19273548173874,1,0.189628774166842,0.0453218680957724,0.400267981532379,0.68910861259217,0.090459997840571,-0.164904096921254,-0.163634492034169,-0.208453702702618,0.324492075375112,0.152793134261016,0.284806222390656,0.696959956647696,0.732654794043035,0.433143374216501,-0.13366728181398,-0.087757910031958,0.976079807184149,-0.0304643833879467,-0.061980733597149,0.572217422810192,0.0769998654268374,0.176445960574887,0.191355575485819,-0.0897409460375135,-0.211129243520433,-0.186439576278495,-0.082290804271492,-0.197444749318048,0.517434330492769,0.399074276924604,-0.0113327348875424,-0.233988159320475,0.139724631064701,0.585613472538272,-0.112884957088502,0.223883861633025,-0.15513289902809,-0.252203049878638,0.108439976283507,-0.111149204826383,0.0736985460634832,0.65269694316304,-0.00032607981931366,0.0228833788694136,-0.0897707272720648
0.182050867098985,0.152489874135963,0.121533299041979,-0.0321221477988069,0.265766159952021,0.210743768482074,-0.167914258021556,0.155508167863269,0.240116747104129,0.0273348747705612,0.0807993637607167,-0.119437564913102,-0.0482301568306757,0.312771694447226,0.156568749450633,0.331915065671395,0.159352535473441,-0.0198977403489748,0.23145122951592,0.115876482755597,0.179571840479751,0.192111519211359,-0.0949443571467034,0.189628774166842,1,0.0688553471566836,0.0607442534762595,0.190600497491237,0.0674014233942815,0.279478924172338,0.285591124587175,0.145968452133544,0.116236606384648,0.00732627105358499,-0.109403853853085,0.228187603237151,0.0707872884464978,0.0717623549227733,-0.0383921431234959,-0.0905601579888541,0.133988166316241,-0.220658489942118,-0.15123052737571,0.0821711260734642,0.361830075912999,-0.0765677625649241,0.080580368003051,0.209881800742538,0.244985931172303,-0.00175143123017316,0.175642617147055,0.0911500142698992,0.15035017505721,0.352618829880663,-0.0437181989014394,0.282664312045158,0.123446034854583,0.0964523916082467,0.494475656407063,-0.113444251946476,0.241063232312615,0.00998818150991259,0.108754350386508,-0.0267579835235973,-0.028935407397696,0.0152875815022417,0.340131272251543,-0.138997574690786,-0.171287885852348
0.374801913464886,0.425772525147919,0.141885144950529,0.24843745136421,-0.331386916462116,0.115710865639277,0.538903393556922,-0.131301919839793,0.342763165050341,0.657947752311688,-0.137693753018392,0.409580654260201,0.177710564769531,-0.214722926160348,0.272272480875618,-0.172585665192021,-0.0796697638183057,0.33890776753066,0.358104054563079,0.707927752524078,0.00762855134872789,-0.0982726340671982,0.136918121900127,0.0453218680957724,0.0688553471566836,1,0.545998343210457,0.410213751189238,0.95359999011732,-0.31078651416211,-0.325133759843233,0.206305029074774,-0.0185643180699346,0.394834241544284,0.614302695036392,0.46837881574958,0.00933700325907957,-0.1563013104644,0.22178571749245,-0.142336607247148,0.0337462445689365,0.304648654352831,-0.159107344853476,0.486355403314178,-0.194762240382885,0.663809082271858,0.594281989221652,0.0365644117564095,0.0768259583366508,0.0803666119150435,0.169907930625644,0.349877420689331,-0.0104008484667772,-0.310298018770763,0.711929222157017,0.329775781297379,0.573074446339488,0.384556574924939,0.353871575937679,0.654109152729698,0.138781679484295,0.109469160762673,0.0676313715561432,0.0164061482740254,0.063939107668689,-0.0869648724055907,0.0903187907749667,-0.511152833121242,0.293569457127342
0.0276377507510582,0.501080024148332,-0.00805278190654648,0.0476269834463041,-0.266996396354562,-0.116244210628651,0.500290111125999,-0.0651689958361472,-0.128486702774425,0.658680113557315,-0.0149010390084451,0.188037363655994,0.170841217387711,0.0549435753082874,0.270484565933717,0.137085443102037,0.408623063669115,0.394299462370399,-0.0433526151429018,0.386929857215924,-0.0650174156533263,0.376876181005058,0.293098236532435,0.400267981532379,0.0607442534762595,0.545998343210457,0.999999999999999,0.456782758240799,0.611163654001753,-0.0901343947401145,-0.113327888579346,0.0571606709318688,0.5385757158967,0.488391727124647,0.530523221296012,0.669639487178739,0.469007042065162,0.408834719762025,0.466783763613972,-0.196061535009761,0.405767013899636,0.270647881048886,0.107894504610522,0.612060424624294,0.0765381352532111,0.621674388008172,0.762366143832264,0.145263663320857,-0.0668557811011258,0.310510494855452,0.305856184600901,0.0576737854850756,0.0602256156084403,0.171876804990167,0.535163438516474,-0.0419500035065873,0.4946745446051,0.727444335239761,0.0711186741835261,0.577726759712345,0.0432391975041852,0.0905271210846139,0.512610267823346,0.407230425101573,0.24342863434691,0.300985551998591,0.171980778236148,-0.102901341238934,0.24815853534945
0.258881036388666,0.116601770098339,-0.139785708828074,-0.0528631631969138,-0.184934364863557,0.258315829506102,0.311264074279278,0.227118195875655,0.354863381727929,0.457278699502566,-0.30753361969523,0.323478558168031,-0.155573063602338,-0.405480889003859,0.90555074459802,-0.213055856765079,0.213020412088404,0.303276762039201,0.0730862065349578,0.238915928060731,-0.150646501056331,0.242192740360416,-0.141495568225911,0.68910861259217,0.190600497491237,0.410213751189238,0.456782758240799,1,0.454737292060775,-0.525930616872082,-0.523278167395301,-0.00730270390897367,0.178997082786151,0.414924626654727,0.592649986229033,0.812036326283378,0.522391280535414,0.1625309199897,-0.137550490264682,-0.100840068993844,0.683853054844627,0.137217666057169,-0.11032835729152,0.877575331348975,-0.367669624878157,0.574633546526091,0.303124235905891,-0.045652046689041,-0.280007929332781,-0.273155299766467,0.0346277623130381,0.177628120248574,0.347796017468052,-0.197563706844479,0.373128800788943,0.0916318467329324,0.375504835835771,0.676615192594959,0.216780465929386,0.58301957079077,-0.11205988591716,-0.104099725943633,0.186964365736271,-0.205544374822072,0.0533508363444797,0.412287265965029,0.0793598618721004,-0.198848743140047,0.302282768565759
0.345319459854687,0.441882479805203,0.123516938878566,0.189789908189972,-0.368996218507998,0.082679709729043,0.635364952357782,-0.186068356741881,0.29744523032971,0.701477128801587,-0.142892445986359,0.407265203015639,0.173035174947242,-0.244052790029815,0.300715623499593,-0.194632123296243,-0.0273067393429617,0.326080823893449,0.311436262539729,0.710754116170315,-0.00619056716506768,-0.0640381843955705,0.17249562883625,0.090459997840571,0.0674014233942815,0.95359999011732,0.611163654001753,0.454737292060775,1,-0.340494004312719,-0.349724579840555,0.118644010663363,0.0325560414981966,0.41769072222229,0.648744641358307,0.518901796341832,0.049626569170691,-0.160576473512361,0.257858065986943,-0.154199124564272,0.0787918804468307,0.366258723682508,-0.148728890940226,0.555911869326654,-0.202147813143769,0.708111908774113,0.632369844759201,0.0405907014186272,0.0132347481950794,0.106303200600097,0.160393861309312,0.351263283151761,-0.0496498289564051,-0.300611480290531,0.69883941882596,0.269894616324169,0.619546799220195,0.428989716023897,0.322840448450888,0.679921872512336,0.0886977625376482,0.107635945137992,0.145827975260563,0.039672995887388,0.127863700809829,-0.0589959805153546,0.108429331696084,-0.523546326943686,0.321475727487166
-0.0581908350930928,0.0259208833464633,0.0721129603435127,0.0184028819744862,0.627586957106504,-0.0929899979650115,-0.19303129274535,0.0374899924555791,-0.158538827724646,-0.198547603706223,0.552399257182384,-0.443959552725746,0.118732288016461,0.86585730278134,-0.562385377964292,0.714496802874825,-0.0231410119828097,-0.308826075945469,0.0582730971114306,-0.302408469669214,0.498679978239516,0.00473937708633815,0.165548147439662,-0.164904096921254,0.279478924172338,-0.31078651416211,-0.0901343947401145,-0.525930616872082,-0.340494004312719,1,0.996313644566834,0.274202786122285,0.0887438308417722,-0.290180588285906,-0.439070208607737,-0.26601911080757,-0.292190549360352,0.137148536155111,0.14514090557336,0.169136606074169,-0.22654643717937,-0.270986494704946,0.0425009212977494,-0.588126376159829,0.76114595882033,-0.424167461615456,0.079583490295424,0.413393092806469,0.662093061460903,0.255620135479566,0.210521998949994,-0.329809120353519,-0.119715004471565,0.58830218139859,-0.23499459465397,0.169108691282382,-0.0286382603400565,-0.307244182629808,0.139055650179676,-0.380879391026393,0.313852680172144,0.0458506665128977,-0.0759657781673913,0.169519329657656,0.0882183328990454,-0.0214001117026337,0.218755143321611,0.203154838549249,-0.332737909892134
-0.0631329094763244,0.021717592632212,0.0623145314416664,0.0111276563466923,0.641527054779243,-0.0857703228156072,-0.194296794909326,0.0510251716867405,-0.151555120504835,-0.221396432341934,0.552111772389398,-0.442591689717744,0.125492414485904,0.852810926880153,-0.552834220709364,0.70506796169931,-0.0334007692325025,-0.328920508762975,0.0618497101902937,-0.316689781918584,0.515607048297705,-0.00260649312679316,0.172684237380928,-0.163634492034169,0.285591124587175,-0.325133759843233,-0.113327888579346,-0.523278167395301,-0.349724579840555,0.996313644566834,1,0.262304984542201,0.0729809617173677,-0.298190363447236,-0.437075428968126,-0.276336030062154,-0.292445764992505,0.121100375427207,0.141515449203735,0.168724237727562,-0.226094159177731,-0.273654449533978,0.0193970685641938,-0.587022327148267,0.751138538820657,-0.434147365123983,0.0688146832100638,0.408850198891049,0.65881046259274,0.243329768529727,0.184372274081627,-0.343806198700073,-0.10799819021071,0.586840468617142,-0.254041600381701,0.163316172434121,-0.0320626386073583,-0.315024324177709,0.126793643472887,-0.382120175313522,0.296028979738296,0.0447970212161407,-0.0848411038213742,0.167869543522502,0.106410051512926,-0.0277253856459983,0.202181738465089,0.203960086336251,-0.351319267346025
0.587359819221341,0.159091459780171,0.225138014506953,0.481998582436453,-0.0128170634853995,0.265127410469043,0.0462126986705121,-0.0757422404280981,0.492773574156908,0.264312002249043,0.12903614590811,0.0247891565819598,0.0260564827091693,0.373765024824461,-0.148947710522316,0.300795055779531,0.0633524506586585,0.242193233063987,0.66525933869233,0.0301224175499366,0.539386178522598,0.058909695116726,-0.130658986207467,-0.208453702702618,0.145968452133544,0.206305029074774,0.0571606709318688,-0.00730270390897367,0.118644010663363,0.274202786122285,0.262304984542201,1,0.0598471631017062,0.12361949325958,0.0182919807194511,0.0785999572082712,-0.173860021859353,0.00600524237172501,-0.169308285886468,-0.0276783662115396,-0.223956739970213,-0.0708396913131484,0.177289115990097,-0.0930228951461102,0.193034420830912,0.163733574187147,0.262901896942935,0.341944281076074,0.570351520678581,-0.0479048247769101,0.403834583436033,-0.0366342195893416,-0.171609372419884,-0.101950888040047,0.327679487115425,0.580362132554423,0.14750784964056,0.0581039862115164,0.460079574524058,0.0567898648440532,0.547929504887913,0.0634771583269229,0.211553425113958,-0.1327914846531,-0.225057617797439,-0.191365444725477,0.51068853463983,-0.139457192616628,0.0936838860782523
-0.130042262244883,0.262754567219534,0.0334180836832385,0.112166935055541,0.0756131183633054,0.111597989116635,-0.0411434308911365,-0.000176221375281713,-0.246136355537462,0.148406686003783,0.100535386105091,-0.105449988326718,0.295739482118139,0.33827895609995,0.112798866625466,0.337962997399238,0.861159129683385,0.314781007149906,-0.140313598684809,-0.0415526025414406,0.0168694055620982,0.814150063830928,0.304607461405715,0.324492075375112,0.116236606384648,-0.0185643180699346,0.5385757158967,0.178997082786151,0.0325560414981966,0.0887438308417722,0.0729809617173677,0.0598471631017062,1,0.288394442469052,-0.00618578903403366,0.344965130395809,0.68617362403374,0.691752310230365,0.339196667766397,-0.115011452437224,0.331338318753699,-0.0472780704765251,0.360466065800486,0.28290937074417,0.305780384049085,0.10310968068694,0.330765415024773,0.253998874334356,0.0279483548331134,0.280638447055122,0.440736201313693,-0.113558080517965,0.0637694360688809,0.502332236898348,0.00300604329485267,-0.136372597000895,0.0316551411805083,0.490326196124132,-0.160084006098511,0.0427824267317281,-0.0962871762020189,-0.0221167345881872,0.758704095721742,0.47937952002343,0.371399896333786,0.529942187537565,0.316800167769884,0.0342594593589769,-0.137947082907291
0.316726072874763,0.210780734469633,0.0780207784674473,0.0825007119667659,-0.235127814969487,-0.0567792308069806,0.399983950215675,-0.118247879912958,0.102357727646166,0.691933628929776,-0.234776325403598,0.820259482293156,-0.0701615064664426,-0.189445471597187,0.251176737880923,-0.226861810678531,0.298825544847808,0.786600751220352,0.243018142983831,0.082332692650752,0.0780990747441152,0.246821732160769,-0.0388528805542353,0.152793134261016,0.00732627105358499,0.394834241544284,0.488391727124647,0.414924626654727,0.41769072222229,-0.290180588285906,-0.298190363447236,0.12361949325958,0.288394442469052,1,0.689520189908396,0.37881213133138,0.455539794568766,0.283065418255346,-0.0141693819829383,0.030750902768846,0.167195000157779,0.139804219409678,0.161134241059912,0.460280242700739,-0.27139927424918,0.742581438214264,0.386092211714362,0.140129525302175,-0.172673523079043,-0.0438251730555066,0.464018391757432,0.016039352288213,-0.076537668499945,-0.245055428844375,0.603285749416693,0.264565694652186,0.379801134949848,0.569748659213366,0.190894459790868,0.641202235016391,0.0104431388061143,0.0909159295369389,0.423885566267039,-0.0300378962744167,-0.0388701110907029,0.0736662099627899,0.286197038326316,-0.169786549325308,0.31202882978129
0.246535720208943,0.168423016672924,-0.0677571516786986,0.0257048178405726,-0.29470929792005,-0.00982969523958325,0.746774718122221,-0.131149086284509,0.205036022467998,0.782698437333156,-0.315677445389607,0.704927483442143,-0.174682501391711,-0.433755559465821,0.443118130313487,-0.433101695455159,0.0245869296609602,0.547749273012909,0.138482915607275,0.169428668586458,-0.077478754266505,-0.0163354745203029,-0.165400547957991,0.284806222390656,-0.109403853853085,0.614302695036392,0.530523221296012,0.592649986229033,0.648744641358307,-0.439070208607737,-0.437075428968126,0.0182919807194511,-0.00618578903403366,0.689520189908396,1,0.494279400948806,0.283627875330651,-0.00292566373624192,-0.168790372795346,-0.105874194770225,0.294496358911555,0.254822176116891,-0.0311198648768116,0.630051514364046,-0.45052921779704,0.927958288759043,0.516209305402759,-0.0771613465176418,-0.206791232508075,-0.229470038741598,0.149209180699991,0.157139559423532,-0.1126777173054,-0.427749975423765,0.736231619329926,0.147333278292724,0.63415525417565,0.613646365446559,0.18648967327003,0.875159914799872,-0.067509336642065,0.0170633508021136,0.121277837800728,-0.238929197562262,-0.147877509652448,-0.037179301785239,-0.0499661492576254,-0.278214501622552,0.445173983268473
0.132483628230125,0.23985562761224,-0.0382921170920403,0.0272264739467744,-0.114997474956452,0.185471948392449,0.390985996426497,0.167653954785899,0.168709443158296,0.598688612416525,-0.0217676013042147,0.163173764502177,-0.07728157382519,-0.0403945155763226,0.679393637851902,0.144053765446131,0.347057368448051,0.289257794085152,0.0267349884063015,0.33238499358079,-0.0423097233659143,0.370828830220432,-0.0468630108325778,0.696959956647696,0.228187603237151,0.46837881574958,0.669639487178739,0.812036326283378,0.518901796341832,-0.26601911080757,-0.276336030062154,0.0785999572082712,0.344965130395809,0.37881213133138,0.494279400948806,1,0.55074102480564,0.403918110300386,0.0494029950749186,0.0956717717270666,0.705454339655096,0.16752164392218,-0.0742028852776181,0.767203587696536,-0.0150564698268246,0.537100868664526,0.484881404635288,-0.00859069067788786,-0.189819647896038,0.0073487960056618,0.0937716282273912,0.14364847609164,0.323424444734126,0.0651866971550771,0.495449313834361,0.0508117994568559,0.42776442952309,0.779154575578017,0.212118449887386,0.574474776669003,0.0711542567463077,0.00493370923129159,0.288973167911542,-0.0710727037238705,0.0728154022978127,0.416599255786725,0.270979613741802,-0.107044932501081,0.151984184264056
-0.275533664934344,0.0566856370619568,-0.169594465711114,-0.138332722012154,0.0360068260169038,0.0953888337264061,0.0353355498412249,0.326922678853394,-0.32610656078347,0.191381215812265,-0.198698049043356,0.167567938402796,-0.0488005487506837,-0.0960881370780738,0.554710100828738,0.103464885145139,0.748408675115009,0.446171508714883,-0.327193125301752,-0.0369204364349042,-0.326962682566491,0.773372173492298,-0.0523259576332406,0.732654794043035,0.0707872884464978,0.00933700325907957,0.469007042065162,0.522391280535414,0.049626569170691,-0.292190549360352,-0.292445764992505,-0.173860021859353,0.68617362403374,0.455539794568766,0.283627875330651,0.55074102480564,1,0.700591273560178,0.0106533544488023,-0.0735577568127094,0.761416339017695,-0.0764607585083636,0.168206707412343,0.519861066032258,0.00810755591142444,0.246683250383689,0.24398638930302,-0.12652435705745,-0.347745660783916,-0.114982711326339,0.0822366484133046,-0.231798186974984,0.466556193462408,0.381325475429668,0.00445899752833461,-0.320504962742027,0.0524850693640417,0.701663531739744,-0.330188959285475,0.210792080368291,-0.266876843929311,-0.200693318903962,0.461675808628553,0.117794201060218,0.168735541910755,0.574024538060865,0.060866320925945,0.0197945770196827,-0.135482652064817
-0.297769501258868,0.136992947923866,-0.148690024191601,-0.0476220914105661,0.191947032994216,-0.0858828807277145,-0.0718223530087658,0.36512412640005,-0.381496244496501,0.0763932342211727,0.137066660041078,-0.101145977876725,-0.111685156849051,0.307578385540957,0.079125070590981,0.409062009067299,0.738152963476198,0.216689150974348,-0.324750855946833,-0.15103056839263,-0.0686330448027486,0.787306851967202,-0.0514374416732943,0.433143374216501,0.0717623549227733,-0.1563013104644,0.408834719762025,0.1625309199897,-0.160576473512361,0.137148536155111,0.121100375427207,0.00600524237172501,0.691752310230365,0.283065418255346,-0.00292566373624192,0.403918110300386,0.700591273560178,1,0.0805125177829013,0.332084175639222,0.463993221719233,-0.184505112001917,0.285068097010628,0.110953569660295,0.200325941604764,-0.0107220962414074,0.204706657514969,-0.0169492188079992,-0.189334374984739,0.0462756899423773,0.142879433446645,-0.230863693539101,0.423325683157364,0.474426077108232,-0.107653187645721,-0.304206016312976,-0.103281299182964,0.552474376261221,-0.285724412761625,-0.0437823722628126,-0.119438167983889,-0.120393243307109,0.485841894253046,0.199132181317169,0.0491844259228418,0.455548111268899,0.175751000055735,0.384186152123589,-0.167334004189749
-0.243460700957866,0.51361038417034,0.0101741606384927,-0.052692905531504,-0.189499245526499,-0.185904915507253,-0.0746230104537061,-0.167373410554748,-0.332469671295692,-0.079657657457789,0.0900594737346421,-0.183366438143231,0.710884275835924,0.175509307286031,-0.161373157339615,0.188045680589978,0.0543781809415091,-0.129259227937107,-0.179002861830121,0.496058244856246,-0.0275185691373684,0.0157546716284407,0.880840369380579,-0.13366728181398,-0.0383921431234959,0.22178571749245,0.466783763613972,-0.137550490264682,0.257858065986943,0.14514090557336,0.141515449203735,-0.169308285886468,0.339196667766397,-0.0141693819829383,-0.168790372795346,0.0494029950749186,0.0106533544488023,0.0805125177829013,1,-0.0288907060436412,-0.126891462772507,0.101272191005444,0.00736850304022158,0.112021476634369,0.23585922630285,-0.0774183445279829,0.271283682573559,0.247070948456434,0.0424575960030533,0.688790977777831,0.0655029952876805,0.0662915559988462,0.0729559215544333,0.301523893393595,-0.0391080987070862,-0.208716806522819,0.0437318972425344,0.00502082954837879,-0.136783419676445,0.0803049280759495,-0.102318329263788,0.243573166865879,0.250697816366357,0.873989726103787,0.762194373447833,0.291964564833892,0.0874479334789073,0.0544820656559348,-0.104115038599407
-0.148173733114062,-0.104777535433749,-0.0889965950305781,-0.022061460263193,0.215643317031062,-0.133228885683987,0.00199211099854973,0.0387313935819964,-0.0954985945335818,-0.0950644479535656,0.333507984145528,-0.0540614120330663,-0.0615338050169843,0.155339413640663,-0.164057349112981,0.134726958360395,-0.105712961489986,-0.209450764254905,-0.123152870100319,-0.127722237121375,0.186009431057742,-0.0791287140079029,0.0366306985098621,-0.087757910031958,-0.0905601579888541,-0.142336607247148,-0.196061535009761,-0.100840068993844,-0.154199124564272,0.169136606074169,0.168724237727562,-0.0276783662115396,-0.115011452437224,0.030750902768846,-0.105874194770225,0.0956717717270666,-0.0735577568127094,0.332084175639222,-0.0288907060436412,1,-0.073050060891334,-0.0990598710789973,-0.135087031475819,-0.176703411786367,-0.0227089263983035,-0.134043909501067,-0.234208065975973,-0.0822631114539534,-0.173325134684774,0.0499982756147323,-0.169837007740945,0.0268336009365096,0.135410145503513,-0.0160791203126685,-0.108295588616257,-0.0888571800285275,-0.0451173932827246,0.059789640658916,-0.10522112942713,-0.0286064934325862,-0.166054683519073,-0.015226668566034,-0.117581498634924,-0.0822314241391774,0.01008603115966,0.084062302470031,0.0752507838730645,0.428897494690581,-0.0976386884699884
-0.263798045451356,-0.0246134557740842,-0.265249876874106,-0.263187298298851,0.0983579775218947,0.0776436744233216,0.0879350181158775,0.389672085169756,-0.227413236959664,0.162718597646509,-0.117094687887207,0.0120430776960701,-0.218040332561922,-0.118345393146685,0.742496411915183,0.133275340359273,0.415554042705545,0.157851222352187,-0.376638571416753,0.0255726823650356,-0.331521285548362,0.471500251939585,-0.179063374256528,0.976079807184149,0.133988166316241,0.0337462445689365,0.405767013899636,0.683853054844627,0.0787918804468307,-0.22654643717937,-0.226094159177731,-0.223956739970213,0.331338318753699,0.167195000157779,0.294496358911555,0.705454339655096,0.761416339017695,0.463993221719233,-0.126891462772507,-0.073050060891334,1,0.0100687306755871,0.028429759413606,0.592509687800467,0.0310795020758189,0.185098315018249,0.188869831705303,-0.173287806469125,-0.2650795606885,-0.199129902414029,-0.129543514730207,-0.220202967265643,0.527983508030951,0.368948636561123,-0.0125433878990824,-0.316764720306571,0.1024830099461,0.606567556804527,-0.201151765169382,0.242978272760211,-0.16291857149564,-0.283059691951898,0.0931441134821478,-0.103543639588966,0.0930253369688269,0.668871940806987,-0.0389322913732882,0.00978745186044536,-0.0323866924576526
0.107592226647424,0.109244914059545,0.0605007426489205,0.149322611267995,-0.156433861765498,-0.0933877770036898,0.198594239877072,-0.246813355019835,0.0202711593938367,0.277293914511786,0.481660115613763,0.202369829163772,0.0862618020306211,-0.256602080824543,0.123266924081307,-0.259096321330222,-0.119828499963573,0.202562990168785,0.0684117881406622,0.29663063937966,-0.0680126639337083,-0.174541578880641,0.117598503006656,-0.0304643833879467,-0.220658489942118,0.304648654352831,0.270647881048886,0.137217666057169,0.366258723682508,-0.270986494704946,-0.273654449533978,-0.0708396913131484,-0.0472780704765251,0.139804219409678,0.254822176116891,0.16752164392218,-0.0764607585083636,-0.184505112001917,0.101272191005444,-0.0990598710789973,0.0100687306755871,1,0.0313845227326305,0.31782660856882,-0.24955558777176,0.265734615839033,0.275074576097069,-0.0140502368758566,-0.132530915807192,0.0739738047350158,0.0276168792933165,0.0409759459691555,-0.238923284559786,-0.317650191276424,0.364912765776091,0.0354340482981683,0.184345972241248,0.293095380632051,0.058479997507095,0.396781737511227,-0.0416294961518825,0.0224813393921774,0.0646181595417349,0.0231209936975517,0.0925485511167962,0.0135493226640426,-0.0989773099735646,-0.296359629743169,0.30408169998481
0.0838046332741164,0.184881286321238,0.166879191530137,0.0452573853498231,-0.0817257783431135,-0.134173894533362,-0.0582236006633061,-0.0841624025824116,-0.138937360290752,0.0802380576487673,-0.0241245322298688,-0.00109390779548933,-0.0649158001936568,0.124219350965125,-0.0966401623414126,0.0816275221629411,0.436756310260159,0.405644884754773,-0.0147285415639776,-0.155917013763716,0.0402000011086229,0.383118219286892,-0.0416167881075485,-0.061980733597149,-0.15123052737571,-0.159107344853476,0.107894504610522,-0.11032835729152,-0.148728890940226,0.0425009212977494,0.0193970685641938,0.177289115990097,0.360466065800486,0.161134241059912,-0.0311198648768116,-0.0742028852776181,0.168206707412343,0.285068097010628,0.00736850304022158,-0.135087031475819,0.028429759413606,0.0313845227326305,1,-0.0685186940411391,0.162680674628924,0.0152540727007337,0.164454336414042,0.210814375686797,0.172166697672964,0.0494201187430432,0.477470734900315,-0.210389153228412,-0.0899506900474888,0.0936307623070045,0.00717372586835077,0.0183658733079884,-0.0893588488307313,0.0689931936400111,-0.111238315096693,-0.0523270072751921,0.338006910071537,-0.0757511044098737,0.320165417537444,0.112793726728888,0.00216430538933056,0.192694978556345,0.321985957437695,-0.00975991724778108,0.148207105105715
0.233807017565101,0.279794212444626,-0.139187626352279,-0.101261691784726,-0.392826283964243,0.113299089070754,0.365037227669484,-0.0572373670023377,0.246558535066613,0.505934421326518,-0.28789713283156,0.345195220629499,0.0439935134339283,-0.470979253379004,0.820355245470115,-0.319243084294548,0.219890678991863,0.382598406403925,0.0471907788595758,0.40878373492767,-0.155257707344967,0.187119867818768,0.124580456567039,0.572217422810192,0.0821711260734642,0.486355403314178,0.612060424624294,0.877575331348975,0.555911869326654,-0.588126376159829,-0.587022327148267,-0.0930228951461102,0.28290937074417,0.460280242700739,0.630051514364046,0.767203587696536,0.519861066032258,0.110953569660295,0.112021476634369,-0.176703411786367,0.592509687800467,0.31782660856882,-0.0685186940411391,1,-0.389752311005857,0.65634909142199,0.310998004373755,-0.01599761272082,-0.404244316523155,-0.0412324547092531,0.102478739239365,0.189327739143809,0.124277392576551,-0.206461591193925,0.4650340275855,0.0190761392880064,0.384533432686041,0.681920970890866,0.173557943580681,0.6997433209496,-0.223953675397624,-0.0235784232945245,0.331770456803624,0.0686996724747899,0.244837870854161,0.411708025370369,0.0657407683507644,-0.270645400723285,0.391097239515296
-0.12748556886068,0.0518965035116747,0.286672538407016,0.025199871848123,0.438959652087094,-0.0370573983068887,-0.179190614697107,0.0216590755632081,-0.240568742803943,-0.0778370025343864,0.387968082380154,-0.469058516981864,0.143160210806617,0.859316256849534,-0.345391913706208,0.845733258914522,0.20649659243852,-0.143482501527999,0.0417830678336143,-0.126654996386367,0.247255227794044,0.222096985429272,0.163949791727263,0.0769998654268374,0.361830075912999,-0.194762240382885,0.0765381352532111,-0.367669624878157,-0.202147813143769,0.76114595882033,0.751138538820657,0.193034420830912,0.305780384049085,-0.27139927424918,-0.45052921779704,-0.0150564698268246,0.00810755591142444,0.200325941604764,0.23585922630285,-0.0227089263983035,0.0310795020758189,-0.24955558777176,0.162680674628924,-0.389752311005857,1,-0.353640228917671,0.209838161750319,0.372495740995301,0.592511790058678,0.401144870628954,0.286971158911059,-0.315692909796055,-0.00823624935819026,0.807661736646552,-0.136415184073368,0.146355394129908,0.0934154198908968,-0.130988707454068,0.0914675210656188,-0.314718915320755,0.479475787635913,0.0776413734978725,0.0638936067696705,0.230845734300845,0.184197763785529,0.139039202455968,0.438348831425762,0.0575277995471392,-0.466744679971923
0.414359453469178,0.255359912913346,0.0781315550675906,0.125505917000532,-0.397482754723826,0.0389356158969627,0.759170553764676,-0.255446574736106,0.304684468953561,0.895877751867403,-0.311286621569243,0.690277211907399,-0.0941933309523342,-0.326087501846755,0.363814976023667,-0.350728785658201,0.0747132973122643,0.651700211924219,0.309036421172683,0.226040660712592,0.0403988106415968,0.0113740393606281,-0.0865025798954841,0.176445960574887,-0.0765677625649241,0.663809082271858,0.621674388008172,0.574633546526091,0.708111908774113,-0.424167461615456,-0.434147365123983,0.163733574187147,0.10310968068694,0.742581438214264,0.927958288759043,0.537100868664526,0.246683250383689,-0.0107220962414074,-0.0774183445279829,-0.134043909501067,0.185098315018249,0.265734615839033,0.0152540727007337,0.65634909142199,-0.353640228917671,1,0.583212028724886,0.0507926262740758,-0.129073954518358,-0.0933076363418887,0.349124107220576,0.184833442965114,-0.230211977037676,-0.442548965901874,0.867279487364109,0.308347103402035,0.699599275091486,0.626709207029028,0.317383090233181,0.877426189812573,0.0632226682561945,0.0906856684424311,0.268174987060683,-0.168274217252336,-0.124168010395829,-0.0789601182405169,0.154732944433206,-0.322867889085384,0.519263602333949
0.186832541027308,0.406796579341974,0.0904513217717194,0.16723175809709,-0.0478457957366806,0.00945610929651607,0.573513220716548,0.0251907280878302,0.0298945757695296,0.682135041443526,0.118665314778639,0.201441423408721,0.122072659452683,0.189074310598021,0.110083434209504,0.223774346466315,0.251923854628845,0.400385591228787,0.170608259695701,0.275819518232708,0.0964380980720027,0.25513282033358,0.112217904664895,0.191355575485819,0.080580368003051,0.594281989221652,0.762366143832264,0.303124235905891,0.632369844759201,0.079583490295424,0.0688146832100638,0.262901896942935,0.330765415024773,0.386092211714362,0.516209305402759,0.484881404635288,0.24398638930302,0.204706657514969,0.271283682573559,-0.234208065975973,0.188869831705303,0.275074576097069,0.164454336414042,0.310998004373755,0.209838161750319,0.583212028724886,1,0.245910619834937,0.376534379750826,0.0631209405138477,0.3568179281563,-0.0406654181813147,0.0892467243226227,0.0794835366882522,0.606956134760093,0.199723121828011,0.575081897502728,0.567569560662566,0.122281027064915,0.509800526624012,0.311196293818913,0.0444069161568439,0.265567348413791,0.126373434242521,0.101196413250904,0.0394542726686718,0.157589541908797,-0.309544639140736,0.156514227003601
0.407742430606298,0.403139435409074,0.21644755777163,0.0473600722108986,0.0972157772131447,0.0465892913120215,-0.0281665649991777,-0.23008916777672,0.194934355922347,0.150688477373171,0.162848043200862,-0.0809884411548362,0.246583223012304,0.465964466577257,-0.146299312931653,0.238409966387715,0.0895419449814239,0.152779421889857,0.419811567744185,-0.0304128615176711,0.563748115261152,0.0402847059439264,0.269191176673664,-0.0897409460375135,0.209881800742538,0.0365644117564095,0.145263663320857,-0.045652046689041,0.0405907014186272,0.413393092806469,0.408850198891049,0.341944281076074,0.253998874334356,0.140129525302175,-0.0771613465176418,-0.00859069067788786,-0.12652435705745,-0.0169492188079992,0.247070948456434,-0.0822631114539534,-0.173287806469125,-0.0140502368758566,0.210814375686797,-0.01599761272082,0.372495740995301,0.0507926262740758,0.245910619834937,1,0.513477417600436,0.235044291496468,0.65372505297229,-0.142389242721144,-0.186723135712697,0.171116488073052,0.177179388793509,0.599183755721587,0.203582182694496,-0.0910016093606445,0.493620324671346,0.0955019915819448,0.363136698184751,0.129881289609858,0.335582695985469,0.266181733558761,0.250485490559731,0.0955386612577767,0.546680486675368,-0.0165582227223102,-0.0327904269843028
0.347095689396873,0.0874857478305647,0.206872467497691,0.218373985381181,0.361912702292154,0.149491253252307,-0.0472625697818484,-0.068166856445234,0.250066341796146,0.0232984145284997,0.327353611422445,-0.194644778881646,0.197209282374082,0.635670003395347,-0.345619659122447,0.491896824798821,-0.0784619896853352,-0.0509531365362705,0.428653513664538,-0.0770691896804427,0.542071120108002,-0.0722701633072338,0.0913456791612155,-0.211129243520433,0.244985931172303,0.0768259583366508,-0.0668557811011258,-0.280007929332781,0.0132347481950794,0.662093061460903,0.65881046259274,0.570351520678581,0.0279483548331134,-0.172673523079043,-0.206791232508075,-0.189819647896038,-0.347745660783916,-0.189334374984739,0.0424575960030533,-0.173325134684774,-0.2650795606885,-0.132530915807192,0.172166697672964,-0.404244316523155,0.592511790058678,-0.129073954518358,0.376534379750826,0.513477417600436,1,0.0832652349480741,0.429388011653696,-0.188517000904127,-0.16548822177946,0.261582798805156,0.0605574154871443,0.514446683484648,0.163995371600607,-0.2615825137886,0.336267073869639,-0.164409250304345,0.537087549364115,-0.0320235388907367,-0.0978508381973892,0.000571407651041275,0.0711362328893961,-0.117858031382011,0.310228849433484,-0.251532609365053,-0.118455895320642
-0.162449605188466,0.183899992783704,0.514092118407875,0.0484473589069719,-0.0626919837758978,-0.17739583300982,0.0247134137351608,-0.283104018591622,-0.264562197765257,0.00922792602994106,0.157892695556539,-0.212659781464039,0.582287406584167,0.439326226815255,-0.318314063384157,0.349053106668976,0.0129121603751174,-0.0988830116769872,-0.0340894808097736,0.244379826042275,0.0862542195730994,-0.0367446436815241,0.711138269579784,-0.186439576278495,-0.00175143123017316,0.0803666119150435,0.310510494855452,-0.273155299766467,0.106303200600097,0.255620135479566,0.243329768529727,-0.0479048247769101,0.280638447055122,-0.0438251730555066,-0.229470038741598,0.0073487960056618,-0.114982711326339,0.0462756899423773,0.688790977777831,0.0499982756147323,-0.199129902414029,0.0739738047350158,0.0494201187430432,-0.0412324547092531,0.401144870628954,-0.0933076363418887,0.0631209405138477,0.235044291496468,0.0832652349480741,1,0.182423870861771,0.0591880636357891,-0.210372685218029,0.299266042443661,0.0159388668440193,-0.0616215256033477,0.0455020703669547,-0.0789338481400369,-0.0176815680478208,0.0244025491203097,0.102199104223073,0.172818992574336,0.216680395186054,0.706438791312444,0.508452078083818,0.178590821265127,0.305966931799276,0.0728226163825477,-0.170332345045808
0.548820667341339,0.339791744447329,0.318266921181183,0.0948047924735131,-0.0608382715460972,0.00361253048459699,0.0838242775863607,-0.275971979996425,0.255159448617751,0.446508538315744,0.0332106244070525,0.212152387400295,0.0409207901990267,0.365015592002097,-0.0653605344940312,0.176071958646699,0.376693704252097,0.580906574535301,0.483055154185472,0.00719571233680844,0.441012201714809,0.298606793374508,0.0523571997815963,-0.082290804271492,0.175642617147055,0.169907930625644,0.305856184600901,0.0346277623130381,0.160393861309312,0.210521998949994,0.184372274081627,0.403834583436033,0.440736201313693,0.464018391757432,0.149209180699991,0.0937716282273912,0.0822366484133046,0.142879433446645,0.0655029952876805,-0.169837007740945,-0.129543514730207,0.0276168792933165,0.477470734900315,0.102478739239365,0.286971158911059,0.349124107220576,0.3568179281563,0.65372505297229,0.429388011653696,0.182423870861771,1,-0.0815574946332991,-0.309572769704618,0.0548787097154299,0.432455055617302,0.592624833293191,0.289216650706042,0.13734883517667,0.473897668853504,0.186832637054382,0.404032570708426,0.0921417400920994,0.558008294401349,0.142672475360992,-0.0101502751426938,0.0192314863657688,0.626141665550849,-0.202662294206484,0.214862884146498
0.282203553533529,0.128232782974132,0.079966105390357,0.222583770991943,-0.355815279221944,0.157081685719836,0.150335337999818,-0.280669658698586,0.433315132766365,0.188176438128401,-0.165675262533769,0.0642698802775102,0.0800884578833431,-0.246559051776247,0.1024651910853,-0.292234397450839,-0.169713521783251,-0.0696114986228149,0.215351476094316,0.299015490889982,0.00897311772642138,-0.226862675034477,0.0174870908054053,-0.197444749318048,0.0911500142698992,0.349877420689331,0.0576737854850756,0.177628120248574,0.351263283151761,-0.329809120353519,-0.343806198700073,-0.0366342195893416,-0.113558080517965,0.016039352288213,0.157139559423532,0.14364847609164,-0.231798186974984,-0.230863693539101,0.0662915559988462,0.0268336009365096,-0.220202967265643,0.0409759459691555,-0.210389153228412,0.189327739143809,-0.315692909796055,0.184833442965114,-0.0406654181813147,-0.142389242721144,-0.188517000904127,0.0591880636357891,-0.0815574946332991,1,-0.200355455311412,-0.398425427011976,0.211533490284581,0.10290167315255,0.0581394492563557,-0.0564199467595604,0.253145657824647,0.121125558001998,-0.106085946371111,0.312003616494333,-0.030522717923983,-0.0566507919823611,-0.123529375846427,-0.218589194268259,-0.0993382788194217,-0.0478753244865162,0.25267870858662
-0.344522939348112,0.0323429142546821,-0.214345988926718,-0.181864321584952,0.219893471831607,0.187757990469627,-0.238779288578642,0.829290472308741,-0.250508318741639,-0.246463378626116,-0.141779002170929,-0.182866350290263,-0.0281714931289362,-0.0669466256550714,0.413577556290748,0.192220285427139,0.212571345594176,-0.0925949670141726,-0.366066234007115,0.134609221150055,-0.29572850723953,0.38158606751827,-0.0615103934649112,0.517434330492769,0.15035017505721,-0.0104008484667772,0.0602256156084403,0.347796017468052,-0.0496498289564051,-0.119715004471565,-0.10799819021071,-0.171609372419884,0.0637694360688809,-0.076537668499945,-0.1126777173054,0.323424444734126,0.466556193462408,0.423325683157364,0.0729559215544333,0.135410145503513,0.527983508030951,-0.238923284559786,-0.0899506900474888,0.124277392576551,-0.00823624935819026,-0.230211977037676,0.0892467243226227,-0.186723135712697,-0.16548822177946,-0.210372685218029,-0.309572769704618,-0.200355455311412,1,0.291924681542944,-0.332868049114248,-0.365994600813802,-0.209882858920229,0.227101679678039,-0.350650010177775,-0.193816516333467,-0.17097730661295,-0.278259779852723,-0.111371440095599,0.0301152766989493,0.110821299168913,0.381802714307256,-0.186650545917574,0.135555279346277,-0.297435964935368
-0.465319915966357,0.0642329905802348,-0.0496033347537071,-0.146851068870128,0.473692215250618,-0.0821085529932807,-0.323635842357172,0.246145951367419,-0.517559289253267,-0.294111728222994,0.286380391059314,-0.507714911047461,0.138884127120054,0.634738911357762,-0.110107010653384,0.729657578638661,0.442119043855107,-0.235649510477202,-0.350270369156629,-0.137726492091675,-0.0209103301403337,0.483604674759368,0.207446891552794,0.399074276924604,0.352618829880663,-0.310298018770763,0.171876804990167,-0.197563706844479,-0.300611480290531,0.58830218139859,0.586840468617142,-0.101950888040047,0.502332236898348,-0.245055428844375,-0.427749975423765,0.0651866971550771,0.381325475429668,0.474426077108232,0.301523893393595,-0.0160791203126685,0.368948636561123,-0.317650191276424,0.0936307623070045,-0.206461591193925,0.807661736646552,-0.442548965901874,0.0794835366882522,0.171116488073052,0.261582798805156,0.299266042443661,0.0548787097154299,-0.398425427011976,0.291924681542944,1,-0.429802208847498,-0.266637275470515,-0.106300243208727,0.0304575904357343,-0.233246338835255,-0.381347762532091,0.0647927152118309,-0.0809926223048471,0.169651029163578,0.386294160613033,0.325554457880376,0.443773128851216,0.151202055780026,0.216585685977128,-0.544491579262434
0.535921957973896,0.310797702745197,0.243482263348923,0.241373400960713,-0.333325960842925,0.0455350540475548,0.656637222690193,-0.334687194271523,0.400453619747206,0.917435760385388,-0.0612455051131762,0.590535041159393,-0.0669839791686229,-0.0958445776663086,0.176635765348774,-0.157417410380143,-0.0449083966075167,0.609494392949557,0.492548005869038,0.316232109696338,0.175895913913632,-0.107986110867319,-0.0985428410279728,-0.0113327348875424,-0.0437181989014394,0.711929222157017,0.535163438516474,0.373128800788943,0.69883941882596,-0.23499459465397,-0.254041600381701,0.327679487115425,0.00300604329485267,0.603285749416693,0.736231619329926,0.495449313834361,0.00445899752833461,-0.107653187645721,-0.0391080987070862,-0.108295588616257,-0.0125433878990824,0.364912765776091,0.00717372586835077,0.4650340275855,-0.136415184073368,0.867279487364109,0.606956134760093,0.177179388793509,0.0605574154871443,0.0159388668440193,0.432455055617302,0.211533490284581,-0.332868049114248,-0.429802208847498,1,0.521767338184251,0.680055384224921,0.469606643251009,0.509295163105227,0.810967601553699,0.357842203762079,0.271520510918617,0.200339433595016,-0.206892987288026,-0.205753976462569,-0.226198005825124,0.331793611177257,-0.338938916582315,0.426458824735889
0.859799429325145,0.234896961724719,0.383824571915442,0.248502007723782,0.0159687871711524,0.24878289269128,0.195905322366293,-0.256338402277848,0.730692818797577,0.432375078368039,0.0374805664340267,0.226536767312943,-0.0595277066033155,0.236163167692361,-0.0260700228043014,0.0917414708467809,-0.14960957426491,0.347103604518495,0.900152012304291,0.0906786119063644,0.607813021051362,-0.19075992095464,-0.16382643239397,-0.233988159320475,0.282664312045158,0.329775781297379,-0.0419500035065873,0.0916318467329324,0.269894616324169,0.169108691282382,0.163316172434121,0.580362132554423,-0.136372597000895,0.264565694652186,0.147333278292724,0.0508117994568559,-0.320504962742027,-0.304206016312976,-0.208716806522819,-0.0888571800285275,-0.316764720306571,0.0354340482981683,0.0183658733079884,0.0190761392880064,0.146355394129908,0.308347103402035,0.199723121828011,0.599183755721587,0.514446683484648,-0.0616215256033477,0.592624833293191,0.10290167315255,-0.365994600813802,-0.266637275470515,0.521767338184251,1,0.394407527538781,-0.0553646678743987,0.839678690595118,0.23279185487905,0.563827705576185,0.255496441603759,0.0974902410242384,-0.301371441114705,-0.199151662032734,-0.325203105231791,0.616044545238793,-0.287328523676679,0.159040012990386
0.2769889619085,0.23342849459197,0.241212650834811,0.103168803534047,-0.117281875375388,0.0970591923290228,0.610146253701197,-0.203105508897742,0.262878983316917,0.672461936954594,-0.0294090407273501,0.356303253917453,-0.00265674221912588,0.0263118145206525,0.186384949955881,-0.00442312550968346,-0.00298659355212031,0.306467960349557,0.309532081627949,0.161262338185044,0.1597153935996,-0.0419727430215352,0.0478771088422408,0.139724631064701,0.123446034854583,0.573074446339488,0.4946745446051,0.375504835835771,0.619546799220195,-0.0286382603400565,-0.0320626386073583,0.14750784964056,0.0316551411805083,0.379801134949848,0.63415525417565,0.42776442952309,0.0524850693640417,-0.103281299182964,0.0437318972425344,-0.0451173932827246,0.1024830099461,0.184345972241248,-0.0893588488307313,0.384533432686041,0.0934154198908968,0.699599275091486,0.575081897502728,0.203582182694496,0.163995371600607,0.0455020703669547,0.289216650706042,0.0581394492563557,-0.209882858920229,-0.106300243208727,0.680055384224921,0.394407527538781,1,0.466413894414195,0.409141099798432,0.697129233413613,0.248090212841992,0.148858599309337,0.115989170026049,-0.107577221085948,0.0732604532977879,-0.0936032225989086,0.327117426166518,-0.250333572673998,0.240055913596456
0.0145043934893882,0.258670223392405,-0.0514225675725708,0.0657192827424794,-0.124970428008476,0.0676309106258871,0.432249378157605,0.110725443908906,-0.0317574931273005,0.590885207742682,0.00711915839363898,0.319113723245499,-0.115094246493234,-0.112487473911896,0.521535598623653,0.0423717845612007,0.525263393661854,0.49191910110684,-0.0520250636419648,0.15200329447195,-0.12170028971067,0.523376199656845,-0.0784653363333216,0.585613472538272,0.0964523916082467,0.384556574924939,0.727444335239761,0.676615192594959,0.428989716023897,-0.307244182629808,-0.315024324177709,0.0581039862115164,0.490326196124132,0.569748659213366,0.613646365446559,0.779154575578017,0.701663531739744,0.552474376261221,0.00502082954837879,0.059789640658916,0.606567556804527,0.293095380632051,0.0689931936400111,0.681920970890866,-0.130988707454068,0.626709207029028,0.567569560662566,-0.0910016093606445,-0.2615825137886,-0.0789338481400369,0.13734883517667,-0.0564199467595604,0.227101679678039,0.0304575904357343,0.469606643251009,-0.0553646678743987,0.466413894414195,1,0.0229780419138423,0.584333846813546,-0.042798134682276,-0.0040416757184978,0.476018910486637,-0.0115886304417198,0.0195270502731506,0.360479725633942,0.190044270710796,-0.00104559923813811,0.188823833401861
0.745604602816779,0.322486130260269,0.229556989600573,0.151447512953082,-0.0894176376772306,0.181110379097769,0.12086610218275,-0.261952990401216,0.700730289543439,0.413466444041173,0.0265615330708469,0.188684991769064,-0.127952984754961,0.164521483148637,0.104851826873324,0.0463246635952008,-0.160204946716484,0.218512807144082,0.740667661014565,0.266526524647424,0.497675960468455,-0.207560699013414,-0.162665233826201,-0.112884957088502,0.494475656407063,0.353871575937679,0.0711186741835261,0.216780465929386,0.322840448450888,0.139055650179676,0.126793643472887,0.460079574524058,-0.160084006098511,0.190894459790868,0.18648967327003,0.212118449887386,-0.330188959285475,-0.285724412761625,-0.136783419676445,-0.10522112942713,-0.201151765169382,0.058479997507095,-0.111238315096693,0.173557943580681,0.0914675210656188,0.317383090233181,0.122281027064915,0.493620324671346,0.336267073869639,-0.0176815680478208,0.473897668853504,0.253145657824647,-0.350650010177775,-0.233246338835255,0.509295163105227,0.839678690595118,0.409141099798432,0.0229780419138423,1,0.299820676523532,0.451212907242821,0.281261950579106,0.0960491366610355,-0.268899185444841,-0.215393020050834,-0.275094184011224,0.597915397367875,-0.235430723155934,0.275754516322044
0.257641980742299,0.232523333487073,0.0155499623578642,0.0586496680005948,-0.339089400514611,-0.0485786059976285,0.645739314865784,-0.264483189282477,0.214500167243268,0.772321727088499,-0.147053972330732,0.651768661524372,0.0503750338198157,-0.329685455319779,0.433637477067296,-0.338228504565908,-0.0642547266256227,0.499384248180236,0.194136944047715,0.306346029363725,-0.0299401630957189,-0.12229469626198,0.111961653026025,0.223883861633025,-0.113444251946476,0.654109152729698,0.577726759712345,0.58301957079077,0.679921872512336,-0.380879391026393,-0.382120175313522,0.0567898648440532,0.0427824267317281,0.641202235016391,0.875159914799872,0.574474776669003,0.210792080368291,-0.0437823722628126,0.0803049280759495,-0.0286064934325862,0.242978272760211,0.396781737511227,-0.0523270072751921,0.6997433209496,-0.314718915320755,0.877426189812573,0.509800526624012,0.0955019915819448,-0.164409250304345,0.0244025491203097,0.186832637054382,0.121125558001998,-0.193816516333467,-0.381347762532091,0.810967601553699,0.23279185487905,0.697129233413613,0.584333846813546,0.299820676523532,1,0.0173079967012126,0.0819762161621431,0.136531817380332,-0.0499552827497338,0.12373914672016,0.091418772729222,0.139944645016073,-0.308882280316713,0.427604941680734
0.382344849573177,0.150252029972522,0.458385727377021,0.233244963929266,0.0123914883390211,0.023549179755078,0.0964198786640558,-0.0880258652647861,0.267940364831022,0.292787577652095,0.0748092748383658,-0.0168166666561056,-0.160013257005249,0.448753547678485,-0.197836606173732,0.451824722765408,-0.0513972466876322,0.15140319130821,0.45484668042348,-0.0134980709070234,0.268385197449818,-0.0513973934294777,-0.214342364761704,-0.15513289902809,0.241063232312615,0.138781679484295,0.0432391975041852,-0.11205988591716,0.0886977625376482,0.313852680172144,0.296028979738296,0.547929504887913,-0.0962871762020189,0.0104431388061143,-0.067509336642065,0.0711542567463077,-0.266876843929311,-0.119438167983889,-0.102318329263788,-0.166054683519073,-0.16291857149564,-0.0416294961518825,0.338006910071537,-0.223953675397624,0.479475787635913,0.0632226682561945,0.311196293818913,0.363136698184751,0.537087549364115,0.102199104223073,0.404032570708426,-0.106085946371111,-0.17097730661295,0.0647927152118309,0.357842203762079,0.563827705576185,0.248090212841992,-0.042798134682276,0.451212907242821,0.0173079967012126,1,0.359230317345722,0.117717913878168,-0.13595953295832,-0.246902486197171,-0.20171435303667,0.626314396369874,0.00677378619838853,-0.0932069822849883
0.216389140125513,0.401006345482485,0.130392690263698,0.0626920285305901,-0.26744090148177,-0.165801452115629,0.101011244016692,-0.26285128343852,0.118016212542401,0.143352329763157,-0.0537360240272291,0.0692899939580531,-0.0499263019269585,0.111501105172442,-0.166138374087919,0.138022184141851,-0.0510575215764744,0.0303267537765386,0.217829561358903,0.121066541218893,0.195657907387923,-0.119982546264893,0.0624856639241087,-0.252203049878638,0.00998818150991259,0.109469160762673,0.0905271210846139,-0.104099725943633,0.107635945137992,0.0458506665128977,0.0447970212161407,0.0634771583269229,-0.0221167345881872,0.0909159295369389,0.0170633508021136,0.00493370923129159,-0.200693318903962,-0.120393243307109,0.243573166865879,-0.015226668566034,-0.283059691951898,0.0224813393921774,-0.0757511044098737,-0.0235784232945245,0.0776413734978725,0.0906856684424311,0.0444069161568439,0.129881289609858,-0.0320235388907367,0.172818992574336,0.0921417400920994,0.312003616494333,-0.278259779852723,-0.0809926223048471,0.271520510918617,0.255496441603759,0.148858599309337,-0.0040416757184978,0.281261950579106,0.0819762161621431,0.359230317345722,1,0.233034476013771,0.0779769189528142,0.0117056969359971,-0.17569662893163,0.289888270484205,0.396731044329705,-0.0114962241642726
0.149662914130738,0.448300937929727,0.107317830071817,0.176455279267842,-0.205501449928059,-0.00907905765904686,0.0546663643179721,-0.148983731819033,-0.00414452879429908,0.281244275687703,-0.0342948792656557,0.107147208063717,0.0898225394133604,0.144077610444829,0.0813669691784644,0.10303905244559,0.743119404231083,0.359255179096045,0.104779096289421,0.0608279029829757,0.143299798240952,0.66721876135005,0.158225813510792,0.108439976283507,0.108754350386508,0.0676313715561432,0.512610267823346,0.186964365736271,0.145827975260563,-0.0759657781673913,-0.0848411038213742,0.211553425113958,0.758704095721742,0.423885566267039,0.121277837800728,0.288973167911542,0.461675808628553,0.485841894253046,0.250697816366357,-0.117581498634924,0.0931441134821478,0.0646181595417349,0.320165417537444,0.331770456803624,0.0638936067696705,0.268174987060683,0.265567348413791,0.335582695985469,-0.0978508381973892,0.216680395186054,0.558008294401349,-0.030522717923983,-0.111371440095599,0.169651029163578,0.200339433595016,0.0974902410242384,0.115989170026049,0.476018910486637,0.0960491366610355,0.136531817380332,0.117717913878168,0.233034476013771,1,0.430044396816002,0.124598427477191,0.191314458846135,0.494329325977842,0.157350233282759,0.0307464250196228
-0.334548803136023,0.349668597346621,0.0414118626081289,-0.073741686445505,-0.116446237151963,-0.176189536311299,-0.177453127991031,-0.141983213883672,-0.423959404692293,-0.208851993707309,0.0561728275755703,-0.251718058607665,0.70019105958835,0.206880700201625,-0.200567857124655,0.186652105909776,0.182480435950651,-0.118505373896664,-0.272500197157497,0.259341901562831,-0.0787192484205998,0.144985022016232,0.855704615590208,-0.111149204826383,-0.0267579835235973,0.0164061482740254,0.407230425101573,-0.205544374822072,0.039672995887388,0.169519329657656,0.167869543522502,-0.1327914846531,0.47937952002343,-0.0300378962744167,-0.238929197562262,-0.0710727037238705,0.117794201060218,0.199132181317169,0.873989726103787,-0.0822314241391774,-0.103543639588966,0.0231209936975517,0.112793726728888,0.0686996724747899,0.230845734300845,-0.168274217252336,0.126373434242521,0.266181733558761,0.000571407651041275,0.706438791312444,0.142672475360992,-0.0566507919823611,0.0301152766989493,0.386294160613033,-0.206892987288026,-0.301371441114705,-0.107577221085948,-0.0115886304417198,-0.268899185444841,-0.0499552827497338,-0.13595953295832,0.0779769189528142,0.430044396816002,1,0.72988388709196,0.362237295312194,0.0539839749079181,0.127616579842247,-0.210481662573624
-0.248390791921927,0.226388653568959,-0.0647549599642055,-0.152983046518165,0.00917026819130092,0.0275404357441364,-0.123462180481769,-0.086431403680555,-0.266047386745476,-0.221918139257782,0.0823082167563205,-0.186778936883201,0.75275012871416,0.0875371781300869,0.0890997062826457,0.157194637897918,0.0376406361353708,-0.124069981672641,-0.185154897101189,0.268443944460219,-0.00749502812825814,0.013261420867728,0.883784189015617,0.0736985460634832,-0.028935407397696,0.063939107668689,0.24342863434691,0.0533508363444797,0.127863700809829,0.0882183328990454,0.106410051512926,-0.225057617797439,0.371399896333786,-0.0388701110907029,-0.147877509652448,0.0728154022978127,0.168735541910755,0.0491844259228418,0.762194373447833,0.01008603115966,0.0930253369688269,0.0925485511167962,0.00216430538933056,0.244837870854161,0.184197763785529,-0.124168010395829,0.101196413250904,0.250485490559731,0.0711362328893961,0.508452078083818,-0.0101502751426938,-0.123529375846427,0.110821299168913,0.325554457880376,-0.205753976462569,-0.199151662032734,0.0732604532977879,0.0195270502731506,-0.215393020050834,0.12373914672016,-0.246902486197171,0.0117056969359971,0.124598427477191,0.72988388709196,1,0.589106197066283,0.0379826805825352,-0.105094890476863,-0.216231624481798
-0.335776884902726,0.0431946224937479,-0.1764106147847,-0.182726296410649,0.125517582712323,0.0418765900908339,-0.161229672172604,0.189988587030597,-0.367274223187876,-0.112922228656024,0.0257575021914452,-0.168425287165508,0.278768185422508,0.0912998297852713,0.475599802041658,0.279322073538605,0.358101051430426,0.0537573619957313,-0.375915784016024,0.0375659513887698,-0.214532245601934,0.368764119362992,0.36210084569487,0.65269694316304,0.0152875815022417,-0.0869648724055907,0.300985551998591,0.412287265965029,-0.0589959805153546,-0.0214001117026337,-0.0277253856459983,-0.191365444725477,0.529942187537565,0.0736662099627899,-0.037179301785239,0.416599255786725,0.574024538060865,0.455548111268899,0.291964564833892,0.084062302470031,0.668871940806987,0.0135493226640426,0.192694978556345,0.411708025370369,0.139039202455968,-0.0789601182405169,0.0394542726686718,0.0955386612577767,-0.117858031382011,0.178590821265127,0.0192314863657688,-0.218589194268259,0.381802714307256,0.443773128851216,-0.226198005825124,-0.325203105231791,-0.0936032225989086,0.360479725633942,-0.275094184011224,0.091418772729222,-0.20171435303667,-0.17569662893163,0.191314458846135,0.362237295312194,0.589106197066283,1,0.0808291601003343,0.10098062188315,-0.209490459211566
0.434779234583825,0.335304000977606,0.468233044860857,0.166107286899791,-0.0659010906472183,0.115263086915403,0.00564325454608652,-0.217430959065969,0.279935233299881,0.330377772036563,0.0314394606721342,0.0871659047460584,0.0271810071280204,0.47125507544569,-0.0177679707785365,0.414810596512476,0.336804887253459,0.348964369418215,0.529201949581556,0.127168075065624,0.400369453849964,0.275896777854259,0.032914867065316,-0.00032607981931366,0.340131272251543,0.0903187907749667,0.171980778236148,0.0793598618721004,0.108429331696084,0.218755143321611,0.202181738465089,0.51068853463983,0.316800167769884,0.286197038326316,-0.0499661492576254,0.270979613741802,0.060866320925945,0.175751000055735,0.0874479334789073,0.0752507838730645,-0.0389322913732882,-0.0989773099735646,0.321985957437695,0.0657407683507644,0.438348831425762,0.154732944433206,0.157589541908797,0.546680486675368,0.310228849433484,0.305966931799276,0.626141665550849,-0.0993382788194217,-0.186650545917574,0.151202055780026,0.331793611177257,0.616044545238793,0.327117426166518,0.190044270710796,0.597915397367875,0.139944645016073,0.626314396369874,0.289888270484205,0.494329325977842,0.0539839749079181,0.0379826805825352,0.0808291601003343,0.999999999999999,0.0261031303810348,-0.0528853416297727
-0.339406860937183,0.0696218231890187,-0.157904842074245,-0.151327511150678,0.0654697664553303,-0.31244097781284,-0.202391151804783,0.0885190256681006,-0.320451647317252,-0.335126838635838,0.0553498160716606,-0.25954633102621,-0.214864495977137,0.203979668621679,-0.257567217492076,0.235438863334091,0.0894604814393956,-0.350283174501811,-0.359480152311092,-0.37706285293761,0.0175354841670619,0.109534353930504,-0.0595470686685764,0.0228833788694136,-0.138997574690786,-0.511152833121242,-0.102901341238934,-0.198848743140047,-0.523546326943686,0.203154838549249,0.203960086336251,-0.139457192616628,0.0342594593589769,-0.169786549325308,-0.278214501622552,-0.107044932501081,0.0197945770196827,0.384186152123589,0.0544820656559348,0.428897494690581,0.00978745186044536,-0.296359629743169,-0.00975991724778108,-0.270645400723285,0.0575277995471392,-0.322867889085384,-0.309544639140736,-0.0165582227223102,-0.251532609365053,0.0728226163825477,-0.202662294206484,-0.0478753244865162,0.135555279346277,0.216585685977128,-0.338938916582315,-0.287328523676679,-0.250333572673998,-0.00104559923813811,-0.235430723155934,-0.308882280316713,0.00677378619838853,0.396731044329705,0.157350233282759,0.127616579842247,-0.105094890476863,0.10098062188315,0.0261031303810348,1,-0.165637900606962
0.450133856518316,0.263476177382426,-0.202959654590835,-0.0869068924109795,-0.467990250552185,-0.240032909826259,0.268571946807449,-0.286696986005274,0.346456715613979,0.379901754750885,-0.147963348554298,0.352404957706363,-0.289326084173885,-0.41393899625767,0.186594854441346,-0.52627030392566,-0.126543850289659,0.267947763270916,0.141047621834505,0.201826226925569,0.0486590307227889,-0.188012100217127,-0.129673643659745,-0.0897707272720648,-0.171287885852348,0.293569457127342,0.24815853534945,0.302282768565759,0.321475727487166,-0.332737909892134,-0.351319267346025,0.0936838860782523,-0.137947082907291,0.31202882978129,0.445173983268473,0.151984184264056,-0.135482652064817,-0.167334004189749,-0.104115038599407,-0.0976386884699884,-0.0323866924576526,0.30408169998481,0.148207105105715,0.391097239515296,-0.466744679971923,0.519263602333949,0.156514227003601,-0.0327904269843028,-0.118455895320642,-0.170332345045808,0.214862884146498,0.25267870858662,-0.297435964935368,-0.544491579262434,0.426458824735889,0.159040012990386,0.240055913596456,0.188823833401861,0.275754516322044,0.427604941680734,-0.0932069822849883,-0.0114962241642726,0.0307464250196228,-0.210481662573624,-0.216231624481798,-0.209490459211566,-0.0528853416297727,-0.165637900606962,1
